ground,city,matches,avg_first_innings,chase_win_pct,toss_call
Sawai Mansingh Stadium,Jaipur,56,161.7,66.1,Chase
Sharjah Cricket Stadium,Sharjah,28,159.0,64.3,Chase
Zayed Cricket Stadium,Abu Dhabi,35,159.0,60.0,Chase
Eden Gardens,Kolkata,89,167.5,57.3,Chase
PCA Stadium,Mohali,60,167.9,56.7,Chase
Narendra Modi Stadium,Ahmedabad,34,169.7,55.9,Chase
Wankhede Stadium,Mumbai,117,170.3,54.7,Neutral
DY Patil Stadium,Navi Mumbai,37,159.6,54.1,Neutral
Rajiv Gandhi International Stadium,Hyderabad,74,164.3,54.1,Neutral
M Chinnaswamy Stadium,Bengaluru,87,175.3,54.0,Neutral
Dubai International Stadium,Dubai,43,162.8,51.2,Neutral
Arun Jaitley Stadium,Delhi,85,171.1,50.6,Neutral
Brabourne Stadium,Mumbai,27,178.5,48.1,Neutral
MCA Stadium,Pune,51,162.4,45.1,Neutral
MA Chidambaram Stadium,Chennai,83,164.3,43.4,Bat first
