player,innings,runs,batting_avg,strike_rate,death_strike_rate,pct_runs_in_wins,impact_score
Shubman Gill,45,1799,45.0,147.7,176.5,78.1,37.9
DP Conway,22,924,48.6,141.3,153.6,71.8,37.1
SA Yadav,35,1253,40.4,167.5,209.7,56.7,34.9
RM Patidar,20,728,38.3,165.1,240.0,54.8,34.7
PD Salt,21,653,34.4,175.5,184.2,71.7,34.1
H Klaasen,26,927,44.1,173.9,201.1,44.2,33.9
JC Buttler,42,1614,42.5,144.6,210.7,64.3,33.5
B Sai Sudharsan,25,1034,47.0,139.2,201.2,49.0,32.3
YBK Jaiswal,39,1318,35.6,154.2,213.3,63.0,31.2
F du Plessis,45,1636,38.0,147.0,178.2,55.3,30.9
V Kohli,45,1721,44.1,139.9,172.4,55.3,30.9
RD Gaikwad,43,1541,39.5,139.6,152.6,59.4,29.5
KL Rahul,38,1410,41.5,130.7,157.3,60.3,28.7
N Pooran,41,1143,42.3,171.1,177.1,58.6,28.0
Q de Kock,30,901,31.1,143.2,250.0,78.0,27.6
