player,matches,wickets,economy,strike_rate,dot_ball_pct,death_economy,impact_score
M Pathirana,19,32,7.94,13.5,35.7,8.42,6.13
JR Hazlewood,15,23,8.16,14.5,44.7,10.32,5.48
JJ Bumrah,27,35,6.84,18.0,43.9,7.11,5.47
Mohammed Shami,33,48,8.00,15.8,46.6,10.22,5.47
PWH de Silva,24,35,8.00,14.7,37.0,7.43,5.05
YS Chahal,46,66,8.42,16.3,29.9,9.46,4.87
Rashid Khan,45,56,7.68,18.7,31.6,8.43,4.86
SP Narine,42,37,6.69,25.8,36.1,6.45,4.74
CV Varun,39,47,8.18,18.1,37.8,8.89,4.50
MM Sharma,25,40,9.45,12.5,27.9,10.01,4.43
M Prasidh Krishna,17,19,8.29,21.0,48.4,10.58,4.24
Kuldeep Yadav,39,47,8.13,18.1,30.4,8.26,4.23
Harshit Rana,19,25,9.05,15.4,38.4,9.89,4.03
Mohsin Khan,23,27,8.51,18.0,43.0,10.17,4.02
TA Boult,41,45,8.13,20.4,44.0,11.92,4.00
